Collection,Record,Unknown
2014,1.104260.xml,307
2014,1.104625.xml,308
2014,294.51552.xml,151
